Matchup,GameTime,Market Spread,Model Spread,Market Total,Model Total,ATS Pick,ATS Explanation,Total Pick,Total Explanation,Predicted Score,home_team,away_team,commence_time,spread_edge,total_edge,team_indicator,ai_rating
Toronto Raptors @ Milwaukee Bucks,12/18/25 08:10 PM EST,+5.5,+13.6,219.5,226.6,‚úÖ BET: Milwaukee Bucks +5.5,"Model projects Milwaukee Bucks to win outright, easily covering +5.5.",‚úÖ BET: OVER 219.5,"Model projects 227 total points, bet the OVER","Toronto Raptors 106, Milwaukee Bucks 120",Milwaukee Bucks,Toronto Raptors,2025-12-19T01:10:00Z,19.1,7.099999999999994,"{'emoji': 'üö´', 'label': 'COLD', 'color': '\x1b[91m', 'message': 'Milwaukee Bucks - Poor performer: 2-5 (29%) | -3.59u over 7 picks'}",4.9
Washington Wizards @ San Antonio Spurs,12/18/25 08:10 PM EST,-14.5,+13.0,241.5,222.9,‚ö†Ô∏è NO BET - Too close to call,Edge too small (-1.5),‚úÖ BET: UNDER 241.5,"Model projects 223 total points, bet the UNDER","Washington Wizards 105, San Antonio Spurs 118",San Antonio Spurs,Washington Wizards,2025-12-19T01:10:00Z,-1.5,-18.599999999999994,,4.9
Orlando Magic @ Denver Nuggets,12/18/25 09:10 PM EST,-7.5,+11.0,238.5,221.1,‚úÖ BET: Denver Nuggets -7.5,"Model projects Denver Nuggets to win by 11.0, covering -7.5.",‚úÖ BET: UNDER 238.5,"Model projects 221 total points, bet the UNDER","Orlando Magic 105, Denver Nuggets 116",Denver Nuggets,Orlando Magic,2025-12-19T02:10:00Z,3.5,-17.400000000000006,,4.9
Los Angeles Lakers @ Utah Jazz,12/18/25 09:10 PM EST,+7.0,-2.0,242.5,226.1,‚úÖ BET: Utah Jazz +7.0,"Model projects Utah Jazz to lose by only 2.0, covering +7.0.",‚úÖ BET: UNDER 242.5,"Model projects 226 total points, bet the UNDER","Los Angeles Lakers 114, Utah Jazz 112",Utah Jazz,Los Angeles Lakers,2025-12-19T02:10:00Z,5.0,-16.400000000000006,"{'emoji': '‚ÑπÔ∏è', 'label': 'LIMITED', 'color': '\x1b[96m', 'message': 'Utah Jazz - Limited data: 1-0 (100%) | +1.00u (1 pick)'}",4.9
Sacramento Kings @ Portland Trail Blazers,12/18/25 10:10 PM EST,-9.0,+3.8,237.5,222.0,‚úÖ BET: Sacramento Kings +9.0,"Model projects Portland Trail Blazers to win by only 3.8, not enough to cover -9.0.",‚úÖ BET: UNDER 237.5,"Model projects 222 total points, bet the UNDER","Sacramento Kings 109, Portland Trail Blazers 113",Portland Trail Blazers,Sacramento Kings,2025-12-19T03:10:00Z,-5.2,-15.5,"{'emoji': 'üö´', 'label': 'COLD', 'color': '\x1b[91m', 'message': 'Sacramento Kings - Poor performer: 1-3 (25%) | -2.30u over 4 picks'}",4.9
Atlanta Hawks @ Charlotte Hornets,12/18/25 07:10 PM EST,+5.5,-0.4,237.5,223.6,‚úÖ BET: Charlotte Hornets +5.5,"Model projects Charlotte Hornets to lose by only 0.4, covering +5.5.",‚úÖ BET: UNDER 237.5,"Model projects 224 total points, bet the UNDER","Atlanta Hawks 112, Charlotte Hornets 112",Charlotte Hornets,Atlanta Hawks,2025-12-19T00:10:00Z,5.1,-13.900000000000006,"{'emoji': '‚úÖ', 'label': 'GOOD', 'color': '\x1b[92m', 'message': 'Charlotte Hornets - Good record: 2-1 (67%) | +1.00u over 3 picks'}",4.9
Houston Rockets @ New Orleans Pelicans,12/18/25 08:10 PM EST,+10.0,-5.9,234.5,224.2,‚úÖ BET: New Orleans Pelicans +10.0,"Model projects New Orleans Pelicans to lose by only 5.9, covering +10.0.",‚úÖ BET: UNDER 234.5,"Model projects 224 total points, bet the UNDER","Houston Rockets 115, New Orleans Pelicans 109",New Orleans Pelicans,Houston Rockets,2025-12-19T01:10:00Z,4.1,-10.300000000000011,"{'emoji': 'üî•', 'label': 'HOT', 'color': '\x1b[92m', 'message': 'New Orleans Pelicans - Strong performer: 4-1 (80%) | +2.90u over 5 picks'}",4.2
New York Knicks @ Indiana Pacers,12/18/25 07:10 PM EST,+4.0,+6.1,224.5,225.4,‚úÖ BET: Indiana Pacers +4.0,"Model projects Indiana Pacers to win outright, easily covering +4.0.",‚ö†Ô∏è NO BET - Too close to call,,"New York Knicks 110, Indiana Pacers 116",Indiana Pacers,New York Knicks,2025-12-19T00:10:00Z,10.1,0.9000000000000057,"{'emoji': 'üìä', 'label': 'NEUTRAL+', 'color': '\x1b[96m', 'message': 'Indiana Pacers - Slightly above average: 5-4 (56%) | +0.60u over 9 picks'}",4.1
Detroit Pistons @ Dallas Mavericks,12/18/25 08:40 PM EST,+5.5,+3.0,230.5,225.6,‚úÖ BET: Dallas Mavericks +5.5,"Model projects Dallas Mavericks to win outright, easily covering +5.5.",‚úÖ BET: UNDER 230.5,"Model projects 226 total points, bet the UNDER","Detroit Pistons 111, Dallas Mavericks 114",Dallas Mavericks,Detroit Pistons,2025-12-19T01:40:00Z,8.5,-4.900000000000006,"{'emoji': '‚úÖ', 'label': 'GOOD', 'color': '\x1b[92m', 'message': 'Dallas Mavericks - Good record: 4-2 (67%) | +1.90u over 6 picks'}",4.1
Golden State Warriors @ Phoenix Suns,12/18/25 09:10 PM EST,+2.5,-1.0,230.5,224.6,‚ö†Ô∏è NO BET - Too close to call,Edge too small (+1.5),‚úÖ BET: UNDER 230.5,"Model projects 225 total points, bet the UNDER","Golden State Warriors 113, Phoenix Suns 112",Phoenix Suns,Golden State Warriors,2025-12-19T02:10:00Z,1.5,-5.900000000000006,,3.2
Miami Heat @ Brooklyn Nets,12/18/25 07:40 PM EST,+6.5,-4.4,225.5,220.1,‚ö†Ô∏è NO BET - Too close to call,Edge too small (+2.1),‚úÖ BET: UNDER 225.5,"Model projects 220 total points, bet the UNDER","Miami Heat 112, Brooklyn Nets 108",Brooklyn Nets,Miami Heat,2025-12-19T00:40:00Z,2.0999999999999996,-5.400000000000006,,3.1
